{"cameraMode":{"drawMode":0,"name":"Shaded","section":"Shading Mode"},"sceneLighting":true,"audioPlay":false,"sceneViewState":{"showFog":true,"showMaterialUpdate":false,"showSkybox":true,"showFlares":true,"showImageEffects":true,"showParticleSystems":true},"in2DMode":false,"pivot":{"x":6.336980819702148,"y":0.4281739592552185,"z":0.0},"rotation":{"x":-0.04525351896882057,"y":0.04254068061709404,"z":-0.001928937272168696,"w":-0.9980714321136475},"size":5.737690448760986,"orthographic":false}