{"cameraMode":{"drawMode":0,"name":"Shaded","section":"Shading Mode"},"sceneLighting":true,"audioPlay":false,"sceneViewState":{"showFog":true,"showMaterialUpdate":false,"showSkybox":true,"showFlares":true,"showImageEffects":true,"showParticleSystems":true},"in2DMode":false,"pivot":{"x":-2.842700481414795,"y":-9.81806755065918,"z":20.161056518554689},"rotation":{"x":-0.04525351896882057,"y":0.04254068061709404,"z":-0.001928937272168696,"w":-0.9980714321136475},"size":41.170501708984378,"orthographic":false}